risk_seed,control,candidate_mean,control_mean,relative_reduction_percent,improved_nonfull_coverages
42,H0-full,1.0840053493507429,1.1218040194999552,3.3694539770022507,5
42,H0-mean,1.0840053493507429,1.0953943240933601,1.0397146025056967,5
42,Hd-full,1.0840053493507429,1.1210965036519516,3.3084711423490236,5
42,Hd-mean,1.0840053493507429,1.0980494124021405,1.2790010078575793,5
42,Hc-full,1.0840053493507429,1.094429154147097,0.9524421710492063,4
43,H0-full,1.0944725673217595,1.124475274651527,2.6681518043218246,5
43,H0-mean,1.0944725673217595,1.105688609945914,1.014394335192002,4
43,Hd-full,1.0944725673217595,1.119169845119557,2.2067497534441967,5
43,Hd-mean,1.0944725673217595,1.0997680534236667,0.4815093587617812,4
43,Hc-full,1.0944725673217595,1.1023886805085266,0.7180873068394933,3
44,H0-full,1.0872856257878227,1.1251149372295248,3.36226195119698,5
44,H0-mean,1.0872856257878227,1.1069217745372921,1.7739418630261894,5
44,Hd-full,1.0872856257878227,1.1183195325702566,2.775048264703741,5
44,Hd-mean,1.0872856257878227,1.0935664907919633,0.5743468784958823,3
44,Hc-full,1.0872856257878227,1.0988470118516815,1.0521379172134773,4
