point_seed,risk_seed,arm,coverage,accepted,rmse
42,42,H0-full,0.5,293,1.0846129305998968
42,42,H0-full,0.6,351,1.102591323903799
42,42,H0-full,0.7,410,1.107268278050003
42,42,H0-full,0.8,468,1.1244039595604338
42,42,H0-full,0.9,527,1.1505654625184536
42,42,H0-full,1.0,585,1.1613821623671454
42,42,H0-mean,0.5,293,1.0341948624741641
42,42,H0-mean,0.6,351,1.0358305448830307
42,42,H0-mean,0.7,410,1.0734836048816407
42,42,H0-mean,0.8,468,1.118360020774078
42,42,H0-mean,0.9,527,1.1491147491801008
42,42,H0-mean,1.0,585,1.1613821623671454
42,42,Hd-full,0.5,293,1.1107617852333675
42,42,Hd-full,0.6,351,1.1090660206414136
42,42,Hd-full,0.7,410,1.0997803218931204
42,42,Hd-full,0.8,468,1.1135156312793926
42,42,Hd-full,0.9,527,1.1320731004972695
42,42,Hd-full,1.0,585,1.1613821623671454
42,42,Hd-mean,0.5,293,1.0497478782989067
42,42,Hd-mean,0.6,351,1.0478864245171207
42,42,Hd-mean,0.7,410,1.0768273419125254
42,42,Hd-mean,0.8,468,1.1122955659821487
42,42,Hd-mean,0.9,527,1.1401571013349954
42,42,Hd-mean,1.0,585,1.1613821623671454
42,42,Hc-full,0.5,293,1.0370813590876373
42,42,Hc-full,0.6,351,1.0580238221334362
42,42,Hc-full,0.7,410,1.0877143431610075
42,42,Hc-full,0.8,468,1.0874852149306986
42,42,Hc-full,0.9,527,1.1348880232026581
42,42,Hc-full,1.0,585,1.1613821623671454
42,42,Hc-mean,0.5,293,1.02101607536184
42,42,Hc-mean,0.6,351,1.0301988375344364
42,42,Hc-mean,0.7,410,1.0650078569178532
42,42,Hc-mean,0.8,468,1.1029378331927888
42,42,Hc-mean,0.9,527,1.1234893307303933
42,42,Hc-mean,1.0,585,1.1613821623671454
42,43,H0-full,0.5,293,1.1092028904357027
42,43,H0-full,0.6,351,1.106723979047735
42,43,H0-full,0.7,410,1.101486161887027
42,43,H0-full,0.8,468,1.1230821172970051
42,43,H0-full,0.9,527,1.1449743368745469
42,43,H0-full,1.0,585,1.1613821623671454
42,43,H0-mean,0.5,293,1.057850050413692
42,43,H0-mean,0.6,351,1.0621570827896447
42,43,H0-mean,0.7,410,1.0843376623671308
42,43,H0-mean,0.8,468,1.1267590887432777
42,43,H0-mean,0.9,527,1.1416456129945942
42,43,H0-mean,1.0,585,1.1613821623671454
42,43,Hd-full,0.5,293,1.0943602836005082
42,43,Hd-full,0.6,351,1.102447112169083
42,43,Hd-full,0.7,410,1.0916827092683197
42,43,Hd-full,0.8,468,1.114769721156215
42,43,Hd-full,0.9,527,1.1503770821560715
42,43,Hd-full,1.0,585,1.1613821623671454
42,43,Hd-mean,0.5,293,1.0420714108750158
42,43,Hd-mean,0.6,351,1.0642503050444978
42,43,Hd-mean,0.7,410,1.0780614756249105
42,43,Hd-mean,0.8,468,1.1105141506368559
42,43,Hd-mean,0.9,527,1.142328815993576
42,43,Hd-mean,1.0,585,1.1613821623671454
42,43,Hc-full,0.5,293,1.046111826948081
42,43,Hc-full,0.6,351,1.074246476264581
42,43,Hc-full,0.7,410,1.0939789367883257
42,43,Hc-full,0.8,468,1.1003840603213217
42,43,Hc-full,0.9,527,1.138228620361705
42,43,Hc-full,1.0,585,1.1613821623671454
42,43,Hc-mean,0.5,293,1.0419728269077924
42,43,Hc-mean,0.6,351,1.0426662636166757
42,43,Hc-mean,0.7,410,1.075045855879696
42,43,Hc-mean,0.8,468,1.1017644012805448
42,43,Hc-mean,0.9,527,1.144003893878702
42,43,Hc-mean,1.0,585,1.1613821623671454
42,44,H0-full,0.5,293,1.088240693056707
42,44,H0-full,0.6,351,1.10739593320602
42,44,H0-full,0.7,410,1.1058933982266488
42,44,H0-full,0.8,468,1.1348902563878105
42,44,H0-full,0.9,527,1.1528871801328164
42,44,H0-full,1.0,585,1.1613821623671454
42,44,H0-mean,0.5,293,1.0599057887069707
42,44,H0-mean,0.6,351,1.0598820037169565
42,44,H0-mean,0.7,410,1.081977096951418
42,44,H0-mean,0.8,468,1.1336009668689833
42,44,H0-mean,0.9,527,1.1447826286122786
42,44,H0-mean,1.0,585,1.1613821623671454
42,44,Hd-full,0.5,293,1.0973764917893505
42,44,Hd-full,0.6,351,1.103701936513488
42,44,Hd-full,0.7,410,1.0919222237823016
42,44,Hd-full,0.8,468,1.1111178174940228
42,44,Hd-full,0.9,527,1.1444165634752312
42,44,Hd-full,1.0,585,1.1613821623671454
42,44,Hd-mean,0.5,293,1.043049778674573
42,44,Hd-mean,0.6,351,1.0366723720890074
42,44,Hd-mean,0.7,410,1.0707982930451756
42,44,Hd-mean,0.8,468,1.1204961886009934
42,44,Hd-mean,0.9,527,1.1290001499748852
42,44,Hd-mean,1.0,585,1.1613821623671454
42,44,Hc-full,0.5,293,1.045068180193581
42,44,Hc-full,0.6,351,1.0718630687107373
42,44,Hc-full,0.7,410,1.0919532017755142
42,44,Hc-full,0.8,468,1.085827771753484
42,44,Hc-full,0.9,527,1.136987686309627
42,44,Hc-full,1.0,585,1.1613821623671454
42,44,Hc-mean,0.5,293,1.0317705182692427
42,44,Hc-mean,0.6,351,1.053336219804755
42,44,Hc-mean,0.7,410,1.058522969274571
42,44,Hc-mean,0.8,468,1.088767564481359
42,44,Hc-mean,0.9,527,1.1299343205298622
42,44,Hc-mean,1.0,585,1.1613821623671454
