risk_seed,baseline,arm,coverage,accepted,common,added,removed,added_sse,removed_sse,mse_delta,largest_abs_contribution,mse_delta_without_largest
42,H0-full,H0-mean,0.5,293,264,29,29,28.014166860597772,59.314242187964304,-0.10682619565654106,0.027185745105344928,-0.07964045055119613
42,H0-full,H0-mean,0.6,351,311,40,40,42.44454898118162,92.55426013335645,-0.1427627098352559,0.02651862245867375,-0.11624408737658215
42,H0-full,H0-mean,0.7,410,378,32,32,28.00784633784609,58.21500208456183,-0.07367598962613595,0.019427861746014793,-0.05424812788012115
42,H0-full,H0-mean,0.8,468,443,25,25,27.938337647819434,34.28213764981196,-0.013555128209385741,0.01682971696276923,-0.03038484517215497
42,H0-full,H0-mean,0.9,527,511,16,16,30.44781691588027,32.205982066849614,-0.003336176757057569,0.012333647938583702,-0.015669824695641273
42,H0-full,H0-mean,1.0,585,585,0,0,0.0,0.0,0.0,0.0,0.0
42,H0-full,Hd-full,0.5,293,266,27,27,46.406113386747535,29.585998833823417,0.05740653431032119,0.022750688576039294,0.08015722288636049
42,H0-full,Hd-full,0.6,351,324,27,27,43.454042850273275,38.4277893319729,0.014319810593448307,0.02651862245867375,0.04083843305212206
42,H0-full,Hd-full,0.7,410,384,26,26,44.71009647402534,51.48587256654349,-0.01652628315248328,0.023734261090915275,-0.040260544243398554
42,H0-full,Hd-full,0.8,468,451,17,17,26.531140224548498,37.93499130887511,-0.024367203171638076,0.02079283557110099,-0.045160038742739064
42,H0-full,Hd-full,0.9,527,516,11,11,15.133481093419986,37.37887765293284,-0.04221137867080238,0.016426930131618386,-0.025784448539183994
42,H0-full,Hd-full,1.0,585,585,0,0,0.0,0.0,0.0,0.0,0.0
42,H0-full,Hd-mean,0.5,293,255,38,38,45.671025019071116,67.47450317988307,-0.07441460123144014,0.027185745105344928,-0.04722885612609522
42,H0-full,Hd-mean,0.6,351,312,39,39,43.7589294943397,85.05115526443022,-0.11764166886065672,0.02651862245867375,-0.09112304640198296
42,H0-full,Hd-mean,0.7,410,372,38,38,46.10762225102732,73.3668475180512,-0.06648591528542408,0.022702528007303626,-0.04378338727812045
42,H0-full,Hd-mean,0.8,468,439,29,29,45.66150124597811,58.33626951030255,-0.027082838171633414,0.02079283557110099,-0.0478756737427344
42,H0-full,Hd-mean,0.9,527,509,18,18,31.018289780728146,43.58337571959375,-0.023842667815684254,0.016426930131618386,-0.0074157376840658686
42,H0-full,Hd-mean,1.0,585,585,0,0,0.0,0.0,0.0,0.0,0.0
42,H0-full,Hc-full,0.5,293,251,42,42,43.31296490979737,72.86127182002592,-0.10084746385743534,0.022750688576039294,-0.07809677528139605
42,H0-full,Hc-full,0.6,351,303,48,48,57.77356369765545,91.57248368813205,-0.09629321934608726,0.02651862245867375,-0.0697745968874135
42,H0-full,Hc-full,0.7,410,371,39,39,42.97960186329917,60.57702623893025,-0.04292054725763676,0.021114615071616803,-0.02180593218601996
42,H0-full,Hc-full,0.8,468,439,29,29,34.00464227810229,72.22160257862524,-0.08166017158231399,0.019281643858938803,-0.06237852772337519
42,H0-full,Hc-full,0.9,527,513,14,14,19.633107479431327,38.51554822011399,-0.03583005833146617,0.017379150817094874,-0.018450907514371298
42,H0-full,Hc-full,1.0,585,585,0,0,0.0,0.0,0.0,0.0,0.0
42,H0-full,Hc-mean,0.5,293,246,47,47,50.811554673543874,90.04758991516398,-0.13391138307720177,0.027185745105344928,-0.10672563797185684
42,H0-full,Hc-mean,0.6,351,303,48,48,44.69809069095024,98.89178261536065,-0.154397982690628,0.02651862245867375,-0.12787936023195423
42,H0-full,Hc-mean,0.7,410,364,46,46,44.5998958399317,82.23843059434643,-0.09180130427906023,0.022702528007303626,-0.0690987762717566
42,H0-full,Hc-mean,0.8,468,438,30,30,35.312110286130995,57.68831366733028,-0.04781240038717795,0.018497846537100193,-0.029314553850077755
42,H0-full,Hc-mean,0.9,527,507,20,20,28.99761314043899,61.44637717450969,-0.061572607275276504,0.017379150817094874,-0.04419345645818163
42,H0-full,Hc-mean,1.0,585,585,0,0,0.0,0.0,0.0,0.0,0.0
42,Hc-full,Hc-mean,0.5,293,263,30,30,39.255191995296485,48.94292032668804,-0.03306391921976643,0.027185745105344928,-0.005878174114421503
42,Hc-full,Hc-mean,0.6,351,326,25,25,27.548766574662242,47.943538508596056,-0.05810476334454076,0.02078180511298865,-0.037322958231552114
42,Hc-full,Hc-mean,0.7,410,389,21,21,21.03406545297831,41.07517583176194,-0.04888075702142348,0.022702528007303626,-0.026178229014119852
42,Hc-full,Hc-mean,0.8,468,455,13,13,39.69705852471509,23.856301605391423,0.03384777119513603,0.019281643858938803,0.014566127336197228
42,Hc-full,Hc-mean,0.9,527,517,10,10,20.31070263507769,33.877025928465734,-0.02574254894381033,0.016426930131618386,-0.009315618812191943
42,Hc-full,Hc-mean,1.0,585,585,0,0,0.0,0.0,0.0,0.0,0.0
43,H0-full,H0-mean,0.5,293,249,44,44,57.673764096228744,90.28007073249414,-0.11128432299066685,0.03176804260407674,-0.0795162803865901
43,H0-full,H0-mean,0.6,351,320,31,31,37.467416350092634,71.39518069503669,-0.0966602972790429,0.02269351372041614,-0.07396678355862676
43,H0-full,H0-mean,0.7,410,381,29,29,22.84336205460121,38.21163756292931,-0.03748359880080023,0.0105977855786256,-0.04808138437942583
43,H0-full,H0-mean,0.8,468,448,20,20,32.649984877886396,28.778407201201826,0.008272601873257636,0.01899404710675694,-0.010721445233499305
43,H0-full,H0-mean,0.9,527,513,14,14,28.45746744943768,32.468741878841115,-0.0076115264315055765,0.012333647938583702,-0.019945174370089278
43,H0-full,H0-mean,1.0,585,585,0,0,0.0,0.0,0.0,0.0,0.0
43,H0-full,Hd-full,0.5,293,276,17,17,14.848864732084945,24.431904927903755,-0.03270662182873314,0.03176804260407674,-0.0009385792246563995
43,H0-full,Hd-full,0.6,351,320,31,31,36.17889399338295,39.49525805830737,-0.009448330669300403,0.02651862245867375,0.017070291789373346
43,H0-full,Hd-full,0.7,410,387,23,23,23.010911443801888,31.82616856021213,-0.021500627113195704,0.022702528007303626,0.001201900894107922
43,H0-full,Hd-full,0.8,468,452,16,16,29.709969896607756,38.41566423787717,-0.01860191098561842,0.019570112138053417,-0.038172023123671836
43,H0-full,Hd-full,0.9,527,517,10,10,26.95316852933476,20.41773663071818,0.01240119904860831,0.017379150817094874,-0.004977951768486564
43,H0-full,Hd-full,1.0,585,585,0,0,0.0,0.0,0.0,0.0,0.0
43,H0-full,Hd-mean,0.5,293,250,43,43,47.25389409302791,89.56843454187428,-0.14441822678787164,0.03176804260407674,-0.1126501841837949
43,H0-full,Hd-mean,0.6,351,314,37,37,39.5216499957237,71.88709815391611,-0.0922092540119442,0.02651862245867375,-0.06569063155327046
43,H0-full,Hd-mean,0.7,410,375,35,35,34.98218171340566,55.914821750248,-0.0510552196020545,0.022702528007303626,-0.028352691594750876
43,H0-full,Hd-mean,0.8,468,441,27,27,50.746876373558074,63.884461657687126,-0.028071763427626163,0.02079283557110099,-0.007278927856525175
43,H0-full,Hd-mean,0.9,527,513,14,14,28.695602892171266,31.884536940987726,-0.0060511082520236514,0.017379150817094874,-0.023430259069118525
43,H0-full,Hd-mean,1.0,585,585,0,0,0.0,0.0,0.0,0.0,0.0
43,H0-full,Hc-full,0.5,293,248,45,45,44.96444135780923,84.80690297519713,-0.13598109767026584,0.03176804260407674,-0.1042130550661891
43,H0-full,Hc-full,0.6,351,308,43,43,61.84026472027131,86.70246310563748,-0.07083247403238231,0.02651862245867375,-0.04431385157370856
43,H0-full,Hc-full,0.7,410,372,38,38,45.616889255260745,52.374448039021104,-0.016481850692098423,0.015708158655748154,-0.032190009347846577
43,H0-full,Hc-full,0.8,468,439,29,29,33.793973928804725,57.41316733688872,-0.05046836198308545,0.02079283557110099,-0.02967552641198446
43,H0-full,Hc-full,0.9,527,516,11,11,20.430311124012654,28.54708074646358,-0.015401839890798715,0.017379150817094874,-0.03278099070789359
43,H0-full,Hc-full,1.0,585,585,0,0,0.0,0.0,0.0,0.0,0.0
43,H0-full,Hc-mean,0.5,293,243,50,50,51.75849553704413,94.13323381709756,-0.1446236801367011,0.03176804260407674,-0.11285563753262436
43,H0-full,Hc-mean,0.6,351,309,42,42,48.179428831958866,96.50687384068588,-0.13768502851489178,0.02651862245867375,-0.11116640605621803
43,H0-full,Hc-mean,0.7,410,373,37,37,38.29341002222294,61.888160781870525,-0.05754817258450627,0.022702528007303626,-0.03484564457720264
43,H0-full,Hc-mean,0.8,468,437,31,31,46.113391961643764,68.30999841284309,-0.047428646263246416,0.02079283557110099,-0.026635810692145427
43,H0-full,Hc-mean,0.9,527,508,19,19,37.828627154267465,38.99926431818083,-0.002221322891676196,0.017379150817094874,-0.01960047370877107
43,H0-full,Hc-mean,1.0,585,585,0,0,0.0,0.0,0.0,0.0,0.0
43,Hc-full,Hc-mean,0.5,293,270,23,23,29.970258076379704,32.50253473904524,-0.008642582466435253,0.020860670511977406,-0.029503252978412657
43,Hc-full,Hc-mean,0.6,351,326,25,25,20.19652370634105,43.661770329701895,-0.06685255448250951,0.02078180511298865,-0.046070749369520866
43,Hc-full,Hc-mean,0.7,410,386,24,24,26.14728119145084,42.984473167338066,-0.04106632189240785,0.022702528007303626,-0.018363793885104226
43,Hc-full,Hc-mean,0.8,468,452,16,16,24.559422791559477,23.1368358346748,0.0030397157198390444,0.01682971696276923,-0.013790001242930186
43,Hc-full,Hc-mean,0.9,527,515,12,12,29.176809029617747,22.230676571080178,0.013180516999122517,0.016426930131618386,-0.0032464131324958685
43,Hc-full,Hc-mean,1.0,585,585,0,0,0.0,0.0,0.0,0.0,0.0
44,H0-full,H0-mean,0.5,293,251,42,42,63.15237928610997,80.98656413747884,-0.06086752508999609,0.03176804260407674,-0.02909948248591935
44,H0-full,H0-mean,0.6,351,311,40,40,31.915784007874215,68.06032177630884,-0.10297589107816135,0.02269351372041614,-0.08028237735774521
44,H0-full,H0-mean,0.7,410,376,34,34,34.58123242100239,56.03479808568787,-0.05232576991386702,0.019427861746014793,-0.03289790816785222
44,H0-full,H0-mean,0.8,468,443,25,25,34.842982882653516,36.211762118855454,-0.002924741957696455,0.01899404710675694,-0.021918789064453395
44,H0-full,H0-mean,0.9,527,512,15,15,19.417909159559343,29.231483580877068,-0.018621583342158875,0.012220768593656058,-0.0064008147485028165
44,H0-full,H0-mean,1.0,585,585,0,0,0.0,0.0,0.0,0.0,0.0
44,H0-full,Hd-full,0.5,293,268,25,25,37.67543934831696,31.825003247060277,0.019967358707360654,0.03176804260407674,0.0517354013114374
44,H0-full,Hd-full,0.6,351,326,25,25,28.122838732299744,30.98973239668041,-0.00816778821760874,0.02078180511298865,-0.028949593330597392
44,H0-full,Hd-full,0.7,410,383,27,27,31.249582652435027,43.8390694875905,-0.030706065451598714,0.022009291038983803,-0.008696774412614912
44,H0-full,Hd-full,0.8,468,450,18,18,19.64643219031923,44.63439816585206,-0.05339308969130947,0.018497846537100193,-0.03489524315420928
44,H0-full,Hd-full,0.9,527,517,10,10,12.583780729731757,22.83897905147128,-0.01945957935813952,0.01545039435116459,-0.0040091850069749295
44,H0-full,Hd-full,1.0,585,585,0,0,0.0,0.0,0.0,0.0,0.0
44,H0-full,Hd-mean,0.5,293,243,50,50,63.77797301909504,91.99825783191461,-0.09631496523146613,0.03176804260407674,-0.06454692262738938
44,H0-full,Hd-mean,0.6,351,305,46,46,36.50810164212231,89.73238882795478,-0.15163614582858256,0.02651862245867375,-0.1251175233699088
44,H0-full,Hd-mean,0.7,410,373,37,37,38.26664321147075,69.58704499112854,-0.07639122385282385,0.022702528007303626,-0.05368869584552022
44,H0-full,Hd-mean,0.8,468,437,31,31,45.61362524513216,60.80686400046223,-0.032464185374636925,0.019570112138053417,-0.05203429751269034
44,H0-full,Hd-mean,0.9,527,511,16,16,16.68452882848454,45.40998737385121,-0.054507511471284006,0.01545039435116459,-0.03905711712011942
44,H0-full,Hd-mean,1.0,585,585,0,0,0.0,0.0,0.0,0.0,0.0
44,H0-full,Hc-full,0.5,293,243,50,50,53.22011797736144,80.20550727538705,-0.09210030477141844,0.03176804260407674,-0.060332262167341694
44,H0-full,Hc-full,0.6,351,301,50,50,51.6600838913495,78.83987939149634,-0.07743531481523314,0.02651862245867375,-0.050916692356559386
44,H0-full,Hc-full,0.7,410,366,44,44,57.646890731887225,70.20864021501737,-0.030638413373488126,0.022009291038983803,-0.008629122334504323
44,H0-full,Hc-full,0.8,468,432,36,36,39.359371850310644,90.34981770448601,-0.10895394413285338,0.02079283557110099,-0.08816110856175238
44,H0-full,Hc-full,0.9,527,514,13,13,15.251294107902272,34.43823174030308,-0.03640785129487821,0.017379150817094874,-0.019028700477783336
44,H0-full,Hc-full,1.0,585,585,0,0,0.0,0.0,0.0,0.0,0.0
44,H0-full,Hc-mean,0.5,293,237,56,56,64.41457426930236,99.49177354020578,-0.11971740365496047,0.03176804260407674,-0.08794936105088373
44,H0-full,Hc-mean,0.6,351,299,52,52,51.37897493404594,92.37877982000587,-0.11680856092866077,0.02651862245867375,-0.09028993846998701
44,H0-full,Hc-mean,0.7,410,361,49,49,59.2765210263956,101.31354704776221,-0.10252933175943074,0.022702528007303626,-0.07982680375212711
44,H0-full,Hc-mean,0.8,468,434,34,34,28.00378941384938,76.00237699603503,-0.10256108457731972,0.02079283557110099,-0.08176824900621874
44,H0-full,Hc-mean,0.9,527,508,19,19,23.915814472322964,51.529181771870384,-0.05239728140331581,0.017379150817094874,-0.035018130586220934
44,H0-full,Hc-mean,1.0,585,585,0,0,0.0,0.0,0.0,0.0,0.0
44,Hc-full,Hc-mean,0.5,293,262,31,31,36.2860820017537,44.37789197463151,-0.02761709888354202,0.020860670511977406,-0.04847776939551943
44,Hc-full,Hc-mean,0.6,351,328,23,23,24.55652705237122,38.37653643818434,-0.03937324611342764,0.015979581230608223,-0.02339366488281942
44,Hc-full,Hc-mean,0.7,410,385,25,25,15.41061218995784,44.88588872819431,-0.07189091838594261,0.022702528007303626,-0.04918839037863898
44,Hc-full,Hc-mean,0.8,468,451,17,17,31.19164613895315,28.1997878669634,0.0063928595555336615,0.019281643858938803,-0.012888784303405142
44,Hc-full,Hc-mean,0.9,527,516,11,11,20.968469218540825,29.394898885687443,-0.015989430108437598,0.01545039435116459,-0.0005390357572730084
44,Hc-full,Hc-mean,1.0,585,585,0,0,0.0,0.0,0.0,0.0,0.0
