baseline,arm,coverage,accepted,common,added,removed,added_sse,removed_sse,mse_delta,largest_abs_contribution,mse_delta_without_largest
H0-full,H0-mean,0.5,293,264,29,29,28.014166860597772,59.314242187964304,-0.10682619565654106,0.027185745105344928,-0.07964045055119613
H0-full,H0-mean,0.6,351,311,40,40,42.44454898118162,92.55426013335645,-0.1427627098352559,0.02651862245867375,-0.11624408737658215
H0-full,H0-mean,0.7,410,378,32,32,28.00784633784609,58.21500208456183,-0.07367598962613595,0.019427861746014793,-0.05424812788012115
H0-full,H0-mean,0.8,468,443,25,25,27.938337647819434,34.28213764981196,-0.013555128209385741,0.01682971696276923,-0.03038484517215497
H0-full,H0-mean,0.9,527,511,16,16,30.44781691588027,32.205982066849614,-0.003336176757057569,0.012333647938583702,-0.015669824695641273
H0-full,H0-mean,1.0,585,585,0,0,0.0,0.0,0.0,0.0,0.0
H0-full,Hd-full,0.5,293,266,27,27,46.406113386747535,29.585998833823417,0.05740653431032119,0.022750688576039294,0.08015722288636049
H0-full,Hd-full,0.6,351,324,27,27,43.454042850273275,38.4277893319729,0.014319810593448307,0.02651862245867375,0.04083843305212206
H0-full,Hd-full,0.7,410,384,26,26,44.71009647402534,51.48587256654349,-0.01652628315248328,0.023734261090915275,-0.040260544243398554
H0-full,Hd-full,0.8,468,451,17,17,26.531140224548498,37.93499130887511,-0.024367203171638076,0.02079283557110099,-0.045160038742739064
H0-full,Hd-full,0.9,527,516,11,11,15.133481093419986,37.37887765293284,-0.04221137867080238,0.016426930131618386,-0.025784448539183994
H0-full,Hd-full,1.0,585,585,0,0,0.0,0.0,0.0,0.0,0.0
H0-full,Hd-mean,0.5,293,255,38,38,45.671025019071116,67.47450317988307,-0.07441460123144014,0.027185745105344928,-0.04722885612609522
H0-full,Hd-mean,0.6,351,312,39,39,43.7589294943397,85.05115526443022,-0.11764166886065672,0.02651862245867375,-0.09112304640198296
H0-full,Hd-mean,0.7,410,372,38,38,46.10762225102732,73.3668475180512,-0.06648591528542408,0.022702528007303626,-0.04378338727812045
H0-full,Hd-mean,0.8,468,439,29,29,45.66150124597811,58.33626951030255,-0.027082838171633414,0.02079283557110099,-0.0478756737427344
H0-full,Hd-mean,0.9,527,509,18,18,31.018289780728146,43.58337571959375,-0.023842667815684254,0.016426930131618386,-0.0074157376840658686
H0-full,Hd-mean,1.0,585,585,0,0,0.0,0.0,0.0,0.0,0.0
H0-full,Hc-full,0.5,293,251,42,42,43.31296490979737,72.86127182002592,-0.10084746385743534,0.022750688576039294,-0.07809677528139605
H0-full,Hc-full,0.6,351,303,48,48,57.77356369765545,91.57248368813205,-0.09629321934608726,0.02651862245867375,-0.0697745968874135
H0-full,Hc-full,0.7,410,371,39,39,42.97960186329917,60.57702623893025,-0.04292054725763676,0.021114615071616803,-0.02180593218601996
H0-full,Hc-full,0.8,468,439,29,29,34.00464227810229,72.22160257862524,-0.08166017158231399,0.019281643858938803,-0.06237852772337519
H0-full,Hc-full,0.9,527,513,14,14,19.633107479431327,38.51554822011399,-0.03583005833146617,0.017379150817094874,-0.018450907514371298
H0-full,Hc-full,1.0,585,585,0,0,0.0,0.0,0.0,0.0,0.0
H0-full,Hc-mean,0.5,293,246,47,47,50.811554673543874,90.04758991516398,-0.13391138307720177,0.027185745105344928,-0.10672563797185684
H0-full,Hc-mean,0.6,351,303,48,48,44.69809069095024,98.89178261536065,-0.154397982690628,0.02651862245867375,-0.12787936023195423
H0-full,Hc-mean,0.7,410,364,46,46,44.5998958399317,82.23843059434643,-0.09180130427906023,0.022702528007303626,-0.0690987762717566
H0-full,Hc-mean,0.8,468,438,30,30,35.312110286130995,57.68831366733028,-0.04781240038717795,0.018497846537100193,-0.029314553850077755
H0-full,Hc-mean,0.9,527,507,20,20,28.99761314043899,61.44637717450969,-0.061572607275276504,0.017379150817094874,-0.04419345645818163
H0-full,Hc-mean,1.0,585,585,0,0,0.0,0.0,0.0,0.0,0.0
Hc-full,Hc-mean,0.5,293,263,30,30,39.255191995296485,48.94292032668804,-0.03306391921976643,0.027185745105344928,-0.005878174114421503
Hc-full,Hc-mean,0.6,351,326,25,25,27.548766574662242,47.943538508596056,-0.05810476334454076,0.02078180511298865,-0.037322958231552114
Hc-full,Hc-mean,0.7,410,389,21,21,21.03406545297831,41.07517583176194,-0.04888075702142348,0.022702528007303626,-0.026178229014119852
Hc-full,Hc-mean,0.8,468,455,13,13,39.69705852471509,23.856301605391423,0.03384777119513603,0.019281643858938803,0.014566127336197228
Hc-full,Hc-mean,0.9,527,517,10,10,20.31070263507769,33.877025928465734,-0.02574254894381033,0.016426930131618386,-0.009315618812191943
Hc-full,Hc-mean,1.0,585,585,0,0,0.0,0.0,0.0,0.0,0.0
