arm,coverage,accepted,rmse
RF7,0.5,293,1.0846129305998968
RF7,0.6,351,1.102591323903799
RF7,0.7,410,1.107268278050003
RF7,0.8,468,1.1244039595604338
RF7,0.9,527,1.1505654625184536
RF7,1.0,585,1.1613821623671454
IW-GEN5,0.5,293,1.0912318854704766
IW-GEN5,0.6,351,1.1213120972716497
IW-GEN5,0.7,410,1.115900835542504
IW-GEN5,0.8,468,1.0989612871447147
IW-GEN5,0.9,527,1.130639450237211
IW-GEN5,1.0,585,1.1613821623671454
IW-STRUCT7,0.5,293,1.1386284731651748
IW-STRUCT7,0.6,351,1.1342731973233064
IW-STRUCT7,0.7,410,1.1233300416405427
IW-STRUCT7,0.8,468,1.1330661124062091
IW-STRUCT7,0.9,527,1.1341724014117982
IW-STRUCT7,1.0,585,1.1613821623671454
IW-RISK7,0.5,293,1.113531885107579
IW-RISK7,0.6,351,1.125395798454861
IW-RISK7,0.7,410,1.1218818273269906
IW-RISK7,0.8,468,1.1200619783801151
IW-RISK7,0.9,527,1.1475267684915496
IW-RISK7,1.0,585,1.1613821623671454
IW-COND7,0.5,293,1.1042127082762576
IW-COND7,0.6,351,1.1145398794627426
IW-COND7,0.7,410,1.1237173897670336
IW-COND7,0.8,468,1.1365426926081923
IW-COND7,0.9,527,1.1703664526593802
IW-COND7,1.0,585,1.1613821623671454
