control,coverage,accepted,common,added,removed,added_sse,removed_sse,candidate_minus_control_mse,largest_signed_sse,largest_absolute_share,mse_delta_without_largest_contribution
RF7,0.5,293,266,27,27,51.37215329275632,38.802307995729024,0.042900495894291124,9.308036482994487,0.10322253496160405,0.01113245329021438
RF7,0.6,351,322,29,29,40.86281872541704,31.564296832339807,0.02649151536489241,9.02380932598336,0.12459158778437539,0.0007826568863073431
RF7,0.7,410,376,34,34,53.33935656074722,38.29328624025054,0.036697732489016296,9.02380932598336,0.09847810834814316,0.014688441450032494
RF7,0.8,468,444,24,24,33.168706541823056,20.32443350994298,0.027445027845897595,3.7245974794022443,0.06962757235409812,0.019486486223243227
RF7,0.9,527,512,15,15,31.097628871244524,6.878421636950032,0.04595674997019828,4.171390456437867,0.10984266137780056,0.03804139806044901
RF7,1.0,585,585,0,0,0.0,0.0,0.0,0.0,0.0,0.0
IW-GEN5,0.5,293,257,36,36,55.42388622888678,47.073773794245156,0.028498677251336597,7.965423315866064,0.07771322110249548,0.0013129321459916694
IW-GEN5,0.6,351,309,42,42,62.80504659868455,68.11977507648191,-0.015141676574921272,9.02380932598336,0.06892359455239169,-0.04085053505350634
IW-GEN5,0.7,410,369,41,41,63.38054180518118,56.203041912026805,0.017506097300376527,9.02380932598336,0.07546026842047919,-0.004503193738607275
IW-GEN5,0.8,468,441,27,27,66.26295773037968,26.94469519852988,0.08401338147831153,9.02380932598336,0.09681403878784407,0.06473173761937273
IW-GEN5,0.9,527,505,22,22,73.5770418511819,25.402882501182024,0.09141206707779864,9.158812480608999,0.09253202142289028,0.07403291626070377
IW-GEN5,1.0,585,585,0,0,0.0,0.0,0.0,0.0,0.0,0.0
IW-STRUCT7,0.5,293,206,87,87,101.21905690766283,123.83546167927796,-0.07718909478366937,-7.294413594659017,0.03241176244964443,-0.052293485245583984
IW-STRUCT7,0.6,351,274,77,77,80.00286067265723,95.57902735453465,-0.044376543253212,-7.294413594659017,0.04154422575481902,-0.023594738140223347
IW-STRUCT7,0.7,410,347,63,63,82.64512305628654,82.28826331508294,0.0008703896126916897,8.65699217936289,0.052487809592840794,-0.020244225458925114
IW-STRUCT7,0.8,468,423,45,45,66.23312901871175,62.540385765040156,0.007890477037759816,-9.731047047275263,0.07556714642460843,0.028683312608860805
IW-STRUCT7,0.9,527,499,28,28,74.70453936935819,30.747154546780017,0.08341059738629635,9.158812480608999,0.08685315655424806,0.06603144656920147
IW-STRUCT7,1.0,585,585,0,0,0.0,0.0,0.0,0.0,0.0,0.0
IW-RISK7,0.5,293,256,37,37,62.639795661322886,68.69538899283094,-0.020667554032450706,9.308036482994487,0.07087237519409156,-0.05243559663652745
IW-RISK7,0.6,351,311,40,40,55.444881708939135,63.97999436266652,-0.024316560267029576,9.02380932598336,0.07556055005301239,-0.05002541874561464
IW-RISK7,0.7,410,378,32,32,47.836338184131804,46.146343777033806,0.004121937578287801,8.65699217936289,0.09211263180316588,-0.016992677493329
IW-RISK7,0.8,468,446,22,22,49.98670632138938,32.58157258190391,0.037190456708302275,-9.731047047275263,0.11785454628008638,0.05798329227940326
IW-RISK7,0.9,527,510,17,17,44.02553832623534,16.126185147456148,0.05293994910584287,9.158812480608999,0.15226184640602658,0.035560798288747995
IW-RISK7,1.0,585,585,0,0,0.0,0.0,0.0,0.0,0.0,0.0
